{"1": 0.10526315789473684, "2": 0.058823529411764705, "3": 0.0967741935483871, "4": 0.0, "5": 0.058823529411764705, "6": 0.06666666666666667, "7": 0.0975609756097561, "8": 0.1891891891891892, "9": 0.17142857142857143, "10": 0.125, "11": 0.058823529411764705, "12": 0.15151515151515152, "13": 0.1111111111111111, "14": 0.0, "15": 0.09302325581395349, "16": 0.15, "17": 0.058823529411764705, "18": 0.12121212121212122, "19": 0.06060606060606061, "20": 0.15789473684210525, "21": 0.05555555555555555, "22": 0.06060606060606061, "23": 0.1388888888888889, "24": 0.09090909090909091, "25": 0.05714285714285714, "26": 0.0, "27": 0.022222222222222223, "28": 0.22857142857142856, "29": 0.05555555555555555, "30": 0.07142857142857142, "31": 0.05555555555555555, "32": 0.23529411764705882, "33": 0.0, "34": 0.08823529411764706, "35": 0.11428571428571428, "36": 0.0196078431372549, "37": 0.1935483870967742, "38": 0.08163265306122448, "39": 0.0, "40": 0.11764705882352941, "41": 0.10810810810810811, "42": 0.1388888888888889, "43": 0.06666666666666667, "44": 0.3157894736842105, "45": 0.07142857142857142, "46": 0.029411764705882353, "47": 0.06666666666666667, "48": 0.1388888888888889, "49": 0.09090909090909091, "50": 0.0, "51": 0.1951219512195122, "52": 0.06451612903225806, "53": 0.058823529411764705, "54": 0.12195121951219512, "55": 0.18181818181818182, "56": 0.024390243902439025, "57": 0.08823529411764706, "58": 0.09523809523809523, "59": 0.21052631578947367, "60": 0.047619047619047616, "61": 0.03, "62": 0.08333333333333333, "63": 0.034482758620689655, "64": 0.11764705882352941, "65": 0.05405405405405406, "66": 0.0, "67": 0.19444444444444445, "68": 0.1794871794871795, "69": 0.17647058823529413, "70": 0.16666666666666666, "71": 0.10810810810810811, "72": 0.058823529411764705, "73": 0.18181818181818182, "74": 0.07142857142857142, "75": 0.06976744186046512, "76": 0.03125, "77": 0.17391304347826086, "78": 0.06451612903225806, "79": 0.06060606060606061, "80": 0.10810810810810811, "81": 0.2571428571428571, "82": 0.0, "83": 0.13157894736842105, "84": 0.058823529411764705, "85": 0.16216216216216217, "86": 0.0625, "87": 0.06666666666666667, "88": 0.0, "89": 0.18421052631578946, "90": 0.18181818181818182, "91": 0.11764705882352941, "92": 0.058823529411764705, "93": 0.09090909090909091, "94": 0.08333333333333333, "95": 0.08695652173913043, "96": 0.25806451612903225, "97": 0.05128205128205128, "98": 0.12121212121212122, "99": 0.22857142857142856, "100": 0.06060606060606061, "101": 0.16216216216216217, "102": 0.0, "103": 0.25, "104": 0.0967741935483871, "105": 0.14285714285714285, "106": 0.10344827586206896, "107": 0.16129032258064516, "108": 0.05555555555555555, "109": 0.07692307692307693, "110": 0.05555555555555555, "111": 0.05555555555555555, "112": 0.08333333333333333, "113": 0.125, "114": 0.045454545454545456, "115": 0.2571428571428571, "116": 0.0, "117": 0.10526315789473684, "118": 0.2, "119": 0.0, "120": 0.11428571428571428, "121": 0.20588235294117646, "122": 0.047619047619047616, "123": 0.0, "124": 0.0, "125": 0.14285714285714285, "126": 0.16216216216216217, "127": 0.058823529411764705, "128": 0.02857142857142857, "129": 0.18181818181818182, "130": 0.05405405405405406, "131": 0.14285714285714285, "132": 0.16129032258064516, "133": 0.27586206896551724, "134": 0.24242424242424243, "135": 0.11428571428571428, "136": 0.17647058823529413, "137": 0.0, "138": 0.2222222222222222, "139": 0.0, "140": 0.05263157894736842, "141": 0.09523809523809523, "142": 0.05128205128205128, "143": 0.18181818181818182, "144": 0.0967741935483871, "145": 0.15384615384615385, "146": 0.1111111111111111, "147": 0.0625, "148": 0.02702702702702703, "149": 0.06666666666666667, "150": 0.10638297872340426, "151": 0.10526315789473684, "152": 0.17142857142857143, "153": 0.0, "154": 0.11428571428571428, "155": 0.06060606060606061, "156": 0.10810810810810811, "157": 0.17142857142857143, "158": 0.0, "159": 0.16666666666666666, "160": 0.12121212121212122, "161": 0.23684210526315788, "162": 0.2222222222222222, "163": 0.05263157894736842, "164": 0.05714285714285714, "165": 0.05405405405405406, "166": 0.10526315789473684, "167": 0.10344827586206896, "168": 0.09433962264150944, "169": 0.04, "170": 0.09375, "171": 0.0, "172": 0.1875, "173": 0.10810810810810811, "174": 0.03225806451612903, "175": 0.21052631578947367, "176": 0.05714285714285714, "177": 0.10256410256410256, "178": 0.05555555555555555, "179": 0.06060606060606061, "180": 0.19444444444444445, "181": 0.11764705882352941, "182": 0.058823529411764705, "183": 0.03125, "184": 0.030303030303030304, "185": 0.08108108108108109, "186": 0.03125, "187": 0.043478260869565216, "188": 0.16216216216216217, "189": 0.2619047619047619, "190": 0.15555555555555556, "191": 0.06060606060606061, "192": 0.0, "193": 0.02631578947368421, "194": 0.08333333333333333, "195": 0.02857142857142857, "196": 0.0, "197": 0.12903225806451613, "198": 0.05714285714285714, "199": 0.03125, "200": 0.0851063829787234, "201": 0.08571428571428572, "202": 0.058823529411764705, "203": 0.0, "204": 0.020833333333333332, "205": 0.15, "206": 0.11538461538461539, "207": 0.13953488372093023, "208": 0.0625, "209": 0.0, "210": 0.058823529411764705, "211": 0.05405405405405406, "212": 0.0, "213": 0.0, "214": 0.05263157894736842, "215": 0.08333333333333333, "216": 0.05, "217": 0.11764705882352941, "218": 0.11764705882352941, "219": 0.0975609756097561, "220": 0.0, "221": 0.06060606060606061, "222": 0.13333333333333333, "223": 0.045454545454545456, "224": 0.12903225806451613, "225": 0.06060606060606061, "226": 0.09302325581395349, "227": 0.11764705882352941, "228": 0.1875, "229": 0.16129032258064516, "230": 0.045454545454545456, "231": 0.15, "232": 0.1388888888888889, "233": 0.16216216216216217, "234": 0.10256410256410256, "235": 0.08108108108108109, "236": 0.05405405405405406, "237": 0.0, "238": 0.06976744186046512, "239": 0.0, "240": 0.0, "241": 0.0, "242": 0.11428571428571428, "243": 0.15384615384615385, "244": 0.0, "245": 0.030303030303030304, "246": 0.058823529411764705, "247": 0.05714285714285714, "248": 0.08823529411764706, "249": 0.03125, "250": 0.05405405405405406, "251": 0.0, "252": 0.0, "253": 0.0, "254": 0.16666666666666666, "255": 0.13043478260869565, "256": 0.09090909090909091, "257": 0.0, "258": 0.0, "259": 0.125, "260": 0.0, "261": 0.07142857142857142, "262": 0.08571428571428572, "263": 0.0, "264": 0.18181818181818182, "265": 0.12121212121212122, "266": 0.08888888888888889, "267": 0.0, "268": 0.2857142857142857, "269": 0.0, "270": 0.06060606060606061, "271": 0.05405405405405406, "272": 0.06451612903225806, "273": 0.0, "274": 0.023255813953488372, "275": 0.1891891891891892, "276": 0.05714285714285714, "277": 0.15625, "278": 0.0, "279": 0.06060606060606061, "280": 0.10526315789473684, "281": 0.05555555555555555, "282": 0.17142857142857143, "283": 0.1935483870967742, "284": 0.10810810810810811, "285": 0.11428571428571428, "286": 0.0625, "287": 0.1111111111111111, "288": 0.08823529411764706, "289": 0.15151515151515152, "290": 0.0, "291": 0.0851063829787234, "292": 0.11428571428571428, "293": 0.06060606060606061, "294": 0.05555555555555555, "295": 0.0, "296": 0.0, "297": 0.02631578947368421, "298": 0.09090909090909091, "299": 0.1, "300": 0.11764705882352941, "301": 0.17647058823529413, "302": 0.14634146341463414, "303": 0.058823529411764705, "304": 0.1111111111111111, "305": 0.05263157894736842, "306": 0.21212121212121213, "307": 0.0, "308": 0.03125, "309": 0.058823529411764705, "310": 0.07894736842105263, "311": 0.09523809523809523, "312": 0.08333333333333333, "313": 0.1111111111111111, "314": 0.14285714285714285, "315": 0.14583333333333334, "316": 0.07692307692307693, "317": 0.04, "318": 0.08196721311475409, "319": 0.10256410256410256, "320": 0.0975609756097561, "321": 0.0, "322": 0.18181818181818182, "323": 0.07894736842105263, "324": 0.1111111111111111, "325": 0.0, "326": 0.10256410256410256, "327": 0.20930232558139536, "328": 0.06060606060606061, "329": 0.11764705882352941, "330": 0.08571428571428572,